{
	"BUILD_DIR" : "/home/llk/project2/slisp_autogen",
	"CMAKE_BINARY_DIR" : "/home/llk/project2",
	"CMAKE_CURRENT_BINARY_DIR" : "/home/llk/project2",
	"CMAKE_CURRENT_SOURCE_DIR" : "/home/llk/project2",
	"CMAKE_EXECUTABLE" : "/usr/bin/cmake",
	"CMAKE_SOURCE_DIR" : "/home/llk/project2",
	"HEADERS" : 
	[
		[
			"/home/llk/project2/environment.hpp",
			"Mu",
			"EWIEGA46WW/moc_environment.cpp"
		],
		[
			"/home/llk/project2/expression.hpp",
			"Mu",
			"EWIEGA46WW/moc_expression.cpp"
		],
		[
			"/home/llk/project2/interpreter.hpp",
			"Mu",
			"EWIEGA46WW/moc_interpreter.cpp"
		],
		[
			"/home/llk/project2/tokenize.hpp",
			"Mu",
			"EWIEGA46WW/moc_tokenize.cpp"
		]
	],
	"HEADER_EXTENSIONS" : [ "h", "hh", "h++", "hm", "hpp", "hxx", "in", "txx" ],
	"INCLUDE_DIR" : "/home/llk/project2/slisp_autogen/include",
	"MOC_COMPILATION_FILE" : "/home/llk/project2/slisp_autogen/mocs_compilation.cpp",
	"MOC_DEFINITIONS" : [],
	"MOC_DEPEND_FILTERS" : 
	[
		[
			"Q_PLUGIN_METADATA",
			"[\n][ \t]*Q_PLUGIN_METADATA[ \t]*\\([^\\)]*FILE[ \t]*\"([^\"]+)\""
		]
	],
	"MOC_INCLUDES" : 
	[
		"/home/llk/project2",
		"/usr/include/c++/9",
		"/usr/include/x86_64-linux-gnu/c++/9",
		"/usr/include/c++/9/backward",
		"/usr/lib/gcc/x86_64-linux-gnu/9/include",
		"/usr/local/include",
		"/usr/include/x86_64-linux-gnu",
		"/usr/include"
	],
	"MOC_MACRO_NAMES" : [ "Q_OBJECT", "Q_GADGET", "Q_NAMESPACE" ],
	"MOC_OPTIONS" : [],
	"MOC_PATH_PREFIX" : true,
	"MOC_PREDEFS_CMD" : 
	[
		"/usr/bin/c++",
		"-dM",
		"-E",
		"-c",
		"/usr/share/cmake-3.16/Modules/CMakeCXXCompilerABI.cpp"
	],
	"MOC_PREDEFS_FILE" : "/home/llk/project2/slisp_autogen/moc_predefs.h",
	"MOC_RELAXED_MODE" : false,
	"MOC_SKIP" : [],
	"MULTI_CONFIG" : false,
	"PARALLEL" : 8,
	"PARSE_CACHE_FILE" : "/home/llk/project2/CMakeFiles/slisp_autogen.dir/ParseCache.txt",
	"QT_MOC_EXECUTABLE" : "/usr/lib/qt5/bin/moc",
	"QT_UIC_EXECUTABLE" : "",
	"QT_VERSION_MAJOR" : 5,
	"SETTINGS_FILE" : "/home/llk/project2/CMakeFiles/slisp_autogen.dir/AutogenUsed.txt",
	"SOURCES" : 
	[
		[ "/home/llk/project2/environment.cpp", "Mu" ],
		[ "/home/llk/project2/expression.cpp", "Mu" ],
		[ "/home/llk/project2/interpreter.cpp", "Mu" ],
		[ "/home/llk/project2/slisp.cpp", "Mu" ],
		[ "/home/llk/project2/tokenize.cpp", "Mu" ]
	],
	"VERBOSITY" : 0
}
